price,area,bedrooms,bathrooms,stories,mainroad,guestroom,basement,hotwaterheating,airconditioning,parking,prefarea,semi-furnished,unfurnished
16.40327459319198,1.193079449907094,1.4108426486083288,1.4325637179442137,1.3690769179029756,1,0,0,0,1,1.527151012475932,1,False,False
16.32103649495501,1.6850230872273053,1.4108426486083288,5.443742128188013,2.520297602379893,1,0,0,0,1,2.6914146556506524,0,False,False
16.32103649495501,1.9610222447900376,0.0504773756210496,1.4325637179442137,0.2178562334260585,1,0,1,0,0,1.527151012475932,1,True,False
16.31817526267398,1.2210531113921703,1.4108426486083288,1.4325637179442137,0.2178562334260585,1,0,1,0,1,2.6914146556506524,1,False,False
16.25000072183826,1.193079449907094,1.4108426486083288,-0.5730254871776858,0.2178562334260585,1,1,1,0,1,1.527151012475932,0,False,False
16.199675637950744,1.2210531113921703,0.0504773756210496,3.4381529230661134,-0.9333644510508586,1,0,1,0,1,1.527151012475932,1,True,False
16.13298426345207,1.5719794929456474,1.4108426486083288,3.4381529230661134,2.520297602379893,1,0,0,0,1,1.527151012475932,1,True,False
16.105010411409665,1.4218074444136604,1.4108426486083288,-0.5730254871776858,0.2178562334260585,1,1,1,0,1,1.527151012475932,1,False,False
16.0978929436408,0.5279613726242547,0.0504773756210496,1.4325637179442137,2.520297602379893,1,1,0,0,1,0.3628873693012115,1,False,True
16.08567575970221,0.6389789326801861,1.4108426486083288,3.4381529230661134,0.2178562334260585,1,1,1,1,0,1.527151012475932,0,True,False
16.04659964925325,0.8677605998636735,1.4108426486083288,1.4325637179442137,0.2178562334260585,1,0,0,0,1,0.3628873693012115,1,True,False
16.039052443617866,-0.767003645103732,1.4108426486083288,1.4325637179442137,0.2178562334260585,1,0,0,1,0,1.527151012475932,0,False,False
16.039052443617866,1.3233610842766204,0.0504773756210496,1.4325637179442137,0.2178562334260585,1,0,0,0,0,-0.8013762738735088,1,True,False
16.02378497148708,0.6389789326801861,1.4108426486083288,-0.5730254871776858,0.2178562334260585,1,0,1,0,0,1.527151012475932,0,True,False
16.02378497148708,0.8875973413492131,1.4108426486083288,1.4325637179442137,0.2178562334260585,1,1,1,0,1,0.3628873693012115,1,False,True
16.008280784951115,1.5475435396877084,0.0504773756210496,1.4325637179442137,2.520297602379893,1,0,0,0,1,1.527151012475932,0,False,False
16.00043760749009,-0.05411280608772479,0.0504773756210496,1.4325637179442137,0.2178562334260585,1,1,0,0,1,1.527151012475932,0,False,False
15.99649282919907,0.815467798305991,0.0504773756210496,1.4325637179442137,0.2178562334260585,1,0,0,0,1,0.3628873693012115,1,True,False
15.984564258333798,-0.21793014607264033,0.0504773756210496,-0.5730254871776858,0.2178562334260585,1,0,1,1,0,1.527151012475932,0,True,False
15.976532086636533,1.0982137614846488,0.0504773756210496,1.4325637179442137,-0.9333644510508586,1,1,1,0,1,1.527151012475932,0,False,True
15.972491677099528,1.4056555727801743,0.0504773756210496,-0.5730254871776858,-0.9333644510508586,1,1,1,0,1,0.3628873693012115,0,False,False
15.972491677099528,-0.07689477565397838,0.0504773756210496,1.4325637179442137,0.2178562334260585,1,1,1,0,1,0.3628873693012115,0,False,False
15.964361551016278,1.638021474452397,0.0504773756210496,1.4325637179442137,0.2178562334260585,1,0,0,0,1,1.527151012475932,0,False,False
15.960271565764753,0.8637750850555181,1.4108426486083288,1.4325637179442137,0.2178562334260585,1,1,1,0,1,1.527151012475932,1,False,False
15.951214278652243,0.6389789326801861,0.0504773756210496,1.4325637179442137,2.520297602379893,1,1,1,0,1,-0.8013762738735088,1,True,False
15.943742263813542,1.6601589674410693,0.0504773756210496,-0.5730254871776858,-0.9333644510508586,1,0,0,0,0,0.3628873693012115,0,True,False
15.943742263813542,1.3730486615254958,2.7712079215956082,1.4325637179442137,0.2178562334260585,1,0,1,1,0,1.527151012475932,0,False,True
15.943742263813542,0.412008108286876,1.4108426486083288,1.4325637179442137,0.2178562334260585,1,0,1,0,1,0.3628873693012115,1,True,False
15.943742263813542,1.212343524220689,0.0504773756210496,1.4325637179442137,2.520297602379893,1,0,0,0,1,1.527151012475932,0,False,True
15.943742263813542,1.0410838997737686,0.0504773756210496,-0.5730254871776858,2.520297602379893,1,0,0,0,1,1.527151012475932,0,True,False
15.931163481606681,0.10002175108180766,1.4108426486083288,1.4325637179442137,0.2178562334260585,1,0,0,0,1,0.3628873693012115,1,False,False
15.918424455829252,0.6215305804362712,0.0504773756210496,3.4381529230661134,0.2178562334260585,1,1,1,0,0,0.3628873693012115,0,False,True
15.90984071213786,0.9807686361203382,2.7712079215956082,-0.5730254871776858,0.2178562334260585,1,1,1,0,1,0.3628873693012115,0,False,False
15.90501876036436,1.0410838997737686,0.0504773756210496,1.4325637179442137,2.520297602379893,1,0,0,0,1,1.527151012475932,0,False,False
15.900312705886206,1.2147851413731336,0.0504773756210496,1.4325637179442137,1.3690769179029756,1,0,0,1,0,0.3628873693012115,1,False,False
15.892448969425992,1.6966423444545073,1.4108426486083288,1.4325637179442137,2.520297602379893,1,0,0,0,1,1.527151012475932,0,False,False
15.890253578862556,0.6389789326801861,0.0504773756210496,-0.5730254871776858,2.520297602379893,1,1,0,0,1,1.527151012475932,0,False,True
15.883638339743836,0.6389789326801861,1.4108426486083288,1.4325637179442137,2.520297602379893,1,0,0,0,1,0.3628873693012115,0,True,False
15.879203742675971,0.8677605998636735,0.0504773756210496,-0.5730254871776858,0.2178562334260585,1,0,1,0,1,-0.8013762738735088,1,False,False
15.87474939232659,0.7909744828135117,0.0504773756210496,1.4325637179442137,2.520297602379893,1,0,0,0,1,-0.8013762738735088,1,False,False
15.856730886823913,0.8397332657016808,0.0504773756210496,1.4325637179442137,2.520297602379893,1,0,0,0,1,1.527151012475932,0,False,True
15.856730886823913,0.6389789326801861,1.4108426486083288,1.4325637179442137,2.520297602379893,1,0,0,0,0,1.527151012475932,0,True,False
15.838381748155715,0.6389789326801861,1.4108426486083288,1.4325637179442137,2.520297602379893,1,0,0,0,1,0.3628873693012115,0,False,False
15.838381748155715,0.6389789326801861,0.0504773756210496,1.4325637179442137,1.3690769179029756,1,0,0,0,1,-0.8013762738735088,0,True,False
15.833741368599213,0.6389789326801861,0.0504773756210496,1.4325637179442137,2.520297602379893,1,0,0,0,1,0.3628873693012115,0,False,False
15.829079355493402,0.8875973413492131,0.0504773756210496,-0.5730254871776858,2.520297602379893,1,0,0,0,1,2.6914146556506524,1,False,False
15.824395506180975,-0.23003466400898617,0.0504773756210496,1.4325637179442137,0.2178562334260585,1,0,1,0,0,0.3628873693012115,0,False,True
15.819689615143563,1.2001010394347984,0.0504773756210496,1.4325637179442137,-0.9333644510508586,1,1,1,0,1,-0.8013762738735088,1,True,False
15.819689615143563,1.2001010394347984,0.0504773756210496,1.4325637179442137,2.520297602379893,1,0,0,0,0,0.3628873693012115,1,False,True
15.819689615143563,0.7765797812932816,0.0504773756210496,-0.5730254871776858,2.520297602379893,1,0,0,0,1,0.3628873693012115,0,False,True
15.81021087118902,0.6389789326801861,1.4108426486083288,1.4325637179442137,2.520297602379893,1,1,0,0,1,0.3628873693012115,0,False,False
15.81021087118902,0.2404943949457039,0.0504773756210496,1.4325637179442137,2.520297602379893,1,0,0,0,1,1.527151012475932,0,True,False
15.81021087118902,0.6389789326801861,0.0504773756210496,1.4325637179442137,0.2178562334260585,1,1,0,0,1,0.3628873693012115,0,True,False
15.81021087118902,0.6389789326801861,0.0504773756210496,-0.5730254871776858,0.2178562334260585,1,0,0,0,1,0.3628873693012115,0,False,True
15.809258036433748,2.3224036260488266,1.4108426486083288,-0.5730254871776858,0.2178562334260585,1,0,1,0,0,0.3628873693012115,1,True,False
15.79582213373692,1.6966423444545073,1.4108426486083288,1.4325637179442137,2.520297602379893,1,1,0,0,1,0.3628873693012115,1,False,False
15.790979509261131,1.282918120133723,1.4108426486083288,1.4325637179442137,2.520297602379893,1,1,0,0,1,0.3628873693012115,0,True,False
15.790979509261131,0.6389789326801861,0.0504773756210496,1.4325637179442137,2.520297602379893,1,1,0,0,1,0.3628873693012115,0,False,False
15.781223334315767,0.6389789326801861,0.0504773756210496,1.4325637179442137,0.2178562334260585,1,1,0,0,0,0.3628873693012115,0,True,False
15.771371037872756,1.6616281417601022,-1.3098878973662296,-0.5730254871776858,-0.9333644510508586,1,0,0,0,1,0.3628873693012115,0,True,False
15.771371037872756,0.7412869055646409,1.4108426486083288,1.4325637179442137,0.2178562334260585,1,0,0,0,1,0.3628873693012115,0,False,False
15.766408248530626,0.7909744828135117,1.4108426486083288,1.4325637179442137,1.3690769179029756,1,0,0,0,1,1.527151012475932,1,False,False
15.761420707019587,2.261268170922572,0.0504773756210496,-0.5730254871776858,-0.9333644510508586,1,0,1,0,1,0.3628873693012115,1,False,False
15.751370371166086,1.6616281417601022,0.0504773756210496,1.4325637179442137,0.2178562334260585,1,0,1,0,1,0.3628873693012115,0,False,False
15.74630706920954,1.2897023084427954,0.0504773756210496,1.4325637179442137,-0.9333644510508586,1,0,0,0,0,1.527151012475932,0,False,True
15.741217999702068,0.6389789326801861,0.0504773756210496,-0.5730254871776858,-0.9333644510508586,1,0,0,0,1,0.3628873693012115,0,False,False
15.730961499534878,2.4665573697432124,1.4108426486083288,1.4325637179442137,0.2178562334260585,1,0,0,0,0,1.527151012475932,1,False,False
15.730961499534878,-0.4186844790941304,0.0504773756210496,1.4325637179442137,0.2178562334260585,1,0,1,0,1,-0.8013762738735088,1,True,False
15.725793529376435,0.6389789326801861,1.4108426486083288,1.4325637179442137,2.520297602379893,1,0,0,0,1,-0.8013762738735088,0,False,True
15.720598712499333,0.17380296268632048,0.0504773756210496,-0.5730254871776858,2.520297602379893,1,0,0,0,1,-0.8013762738735088,1,False,True
15.71537676851818,0.8875973413492131,-1.3098878973662296,1.4325637179442137,2.520297602379893,1,0,1,0,0,-0.8013762738735088,1,False,False
15.710127412632037,-0.39272885265922086,0.0504773756210496,-0.5730254871776858,0.2178562334260585,1,0,1,1,0,0.3628873693012115,0,False,False
15.710127412632037,-0.2544135230860783,1.4108426486083288,1.4325637179442137,0.2178562334260585,1,0,0,1,0,-0.8013762738735088,0,True,False
15.710127412632037,0.815467798305991,0.0504773756210496,1.4325637179442137,1.3690769179029756,1,0,0,0,1,-0.8013762738735088,1,False,False
15.710127412632037,0.8477718512142833,0.0504773756210496,1.4325637179442137,1.3690769179029756,1,0,0,0,1,-0.8013762738735088,1,False,False
15.710127412632037,0.5051794030580011,0.0504773756210496,-0.5730254871776858,-0.9333644510508586,1,1,1,0,1,1.527151012475932,1,False,False
15.710127412632037,0.6389789326801861,0.0504773756210496,1.4325637179442137,1.3690769179029756,1,1,0,0,1,-0.8013762738735088,0,False,False
15.70696452122353,0.6389789326801861,0.0504773756210496,-0.5730254871776858,0.2178562334260585,1,0,0,1,0,0.3628873693012115,1,True,False
15.704850355531192,-0.4186844790941304,0.0504773756210496,1.4325637179442137,0.2178562334260585,1,0,1,0,1,0.3628873693012115,0,True,False
15.704850355531192,2.098747311548085,0.0504773756210496,1.4325637179442137,-0.9333644510508586,1,0,1,0,1,0.3628873693012115,1,False,False
15.6995453033015,0.6389789326801861,0.0504773756210496,1.4325637179442137,2.520297602379893,1,0,0,0,1,-0.8013762738735088,0,True,False
15.688850014184752,-0.5800876412718418,0.0504773756210496,-0.5730254871776858,0.2178562334260585,1,0,0,1,0,1.527151012475932,0,True,False
15.688850014184752,1.4696715200611925,0.0504773756210496,1.4325637179442137,1.3690769179029756,1,0,0,0,1,-0.8013762738735088,0,False,False
15.688850014184752,0.9151177662320581,0.0504773756210496,-0.5730254871776858,1.3690769179029756,1,0,1,0,0,-0.8013762738735088,1,False,True
15.683459165549875,-0.44490097046595045,0.0504773756210496,-0.5730254871776858,-0.9333644510508586,1,0,1,0,0,1.527151012475932,0,True,False
15.683459165549875,1.1895615546544354,0.0504773756210496,-0.5730254871776858,-0.9333644510508586,1,1,1,0,1,1.527151012475932,1,False,True
15.678039098080536,1.5719794929456474,2.7712079215956082,3.4381529230661134,0.2178562334260585,1,0,0,0,0,1.527151012475932,0,False,False
15.678039098080536,0.1633896996178537,0.0504773756210496,-0.5730254871776858,0.2178562334260585,1,0,0,0,1,-0.8013762738735088,0,True,False
15.674772900293915,0.9462182113513233,-1.3098878973662296,-0.5730254871776858,-0.9333644510508586,1,1,1,0,0,1.527151012475932,1,False,False
15.672589493312971,0.056904753968206614,0.0504773756210496,1.4325637179442137,2.520297602379893,1,1,0,0,1,-0.8013762738735088,0,False,False
15.65606019136176,1.1145681657425233,0.0504773756210496,1.4325637179442137,-0.9333644510508586,1,0,1,0,1,2.6914146556506524,0,True,False
15.65606019136176,0.6389789326801861,1.4108426486083288,1.4325637179442137,2.520297602379893,1,0,0,0,0,0.3628873693012115,0,True,False
15.65606019136176,-0.35427333161017344,0.0504773756210496,1.4325637179442137,1.3690769179029756,1,0,0,0,1,1.527151012475932,0,True,False
15.65606019136176,1.6966423444545073,0.0504773756210496,-0.5730254871776858,-0.9333644510508586,1,0,1,0,0,0.3628873693012115,1,False,False
15.65606019136176,0.807328887071386,0.0504773756210496,-0.5730254871776858,-0.9333644510508586,1,1,1,0,1,0.3628873693012115,1,True,False
15.65494846250907,0.8875973413492131,0.0504773756210496,1.4325637179442137,1.3690769179029756,1,0,0,0,1,-0.8013762738735088,1,False,True
15.650489146312307,0.6389789326801861,1.4108426486083288,-0.5730254871776858,1.3690769179029756,1,1,1,0,0,-0.8013762738735088,1,False,True
15.644886890763637,0.8875973413492131,0.0504773756210496,1.4325637179442137,-0.9333644510508586,1,0,1,0,1,-0.8013762738735088,1,False,True
15.644886890763637,0.412008108286876,0.0504773756210496,-0.5730254871776858,1.3690769179029756,1,0,0,0,0,0.3628873693012115,1,False,True
15.63925307304538,0.412008108286876,0.0504773756210496,1.4325637179442137,2.520297602379893,1,1,0,0,1,0.3628873693012115,0,True,False
15.63925307304538,0.7868698101577543,0.0504773756210496,1.4325637179442137,1.3690769179029756,1,1,0,0,1,-0.8013762738735088,0,False,False
15.63925307304538,0.412008108286876,0.0504773756210496,1.4325637179442137,-0.9333644510508586,1,1,1,0,0,1.527151012475932,1,False,False
15.633587335509702,-0.11144520042299323,0.0504773756210496,-0.5730254871776858,2.520297602379893,1,0,0,0,1,-0.8013762738735088,0,False,True
15.633587335509702,0.3881858519931811,1.4108426486083288,1.4325637179442137,-0.9333644510508586,1,0,1,0,1,-0.8013762738735088,1,True,False
15.627889314395064,0.815467798305991,0.0504773756210496,-0.5730254871776858,1.3690769179029756,1,0,1,0,0,-0.8013762738735088,1,False,True
15.625028082114033,-0.9683542791758197,1.4108426486083288,-0.5730254871776858,1.3690769179029756,1,0,0,0,0,0.3628873693012115,0,True,False
15.622158639686079,0.8935190667856571,1.4108426486083288,1.4325637179442137,0.2178562334260585,1,1,0,1,0,0.3628873693012115,0,True,False
15.622158639686079,0.8875973413492131,0.0504773756210496,-0.5730254871776858,-0.9333644510508586,1,1,1,0,0,1.527151012475932,1,True,False
15.622158639686079,1.5079635456646243,0.0504773756210496,-0.5730254871776858,1.3690769179029756,1,0,0,0,1,1.527151012475932,0,False,True
15.621008553302842,-0.23003466400898617,4.131573194582887,1.4325637179442137,0.2178562334260585,1,0,0,0,0,-0.8013762738735088,0,False,False
15.621008553302842,1.8704210602941995,0.0504773756210496,-0.5730254871776858,-0.9333644510508586,1,0,1,0,0,1.527151012475932,1,False,False
15.610597817285004,0.9654693609757243,-1.3098878973662296,-0.5730254871776858,-0.9333644510508586,1,1,1,0,0,1.527151012475932,0,False,False
15.610597817285004,1.38940306578337,0.0504773756210496,-0.5730254871776858,-0.9333644510508586,1,1,1,0,1,1.527151012475932,1,True,False
15.610597817285004,1.0035506056865917,0.0504773756210496,1.4325637179442137,-0.9333644510508586,1,1,1,0,0,-0.8013762738735088,1,False,True
15.598901777521812,-0.6220486361797353,1.4108426486083288,-0.5730254871776858,0.2178562334260585,1,1,0,0,1,-0.8013762738735088,0,False,False
15.598901777521812,0.815467798305991,0.0504773756210496,-0.5730254871776858,-0.9333644510508586,1,0,1,0,1,-0.8013762738735088,1,False,False
15.598901777521812,1.048526184235778,0.0504773756210496,-0.5730254871776858,-0.9333644510508586,1,0,1,0,1,1.527151012475932,1,True,False
15.598901777521812,0.8637750850555181,0.0504773756210496,-0.5730254871776858,-0.9333644510508586,1,1,1,0,0,1.527151012475932,1,False,False
15.598901777521812,1.1257751799970575,0.0504773756210496,-0.5730254871776858,0.2178562334260585,1,1,1,0,1,-0.8013762738735088,1,True,False
15.598901777521812,0.7471327964510547,1.4108426486083288,1.4325637179442137,-0.9333644510508586,1,0,1,0,0,0.3628873693012115,1,True,False
15.598901777521812,1.1576851628561242,1.4108426486083288,1.4325637179442137,0.2178562334260585,1,0,0,0,0,-0.8013762738735088,0,False,False
15.598901777521812,0.8577853718967896,0.0504773756210496,1.4325637179442137,2.520297602379893,1,0,0,0,0,0.3628873693012115,0,False,False
15.58706731987481,1.1000359892461335,0.0504773756210496,-0.5730254871776858,-0.9333644510508586,1,0,1,0,0,1.527151012475932,1,False,True
15.58706731987481,0.8477718512142833,0.0504773756210496,1.4325637179442137,1.3690769179029756,1,0,0,0,1,-0.8013762738735088,0,False,True
15.585876134504657,0.412008108286876,0.0504773756210496,-0.5730254871776858,1.3690769179029756,1,1,0,0,1,0.3628873693012115,0,False,False
15.585876134504657,2.3269599921583755,0.0504773756210496,-0.5730254871776858,1.3690769179029756,1,0,0,0,0,1.527151012475932,1,True,False
15.584683528519534,0.056904753968206614,0.0504773756210496,-0.5730254871776858,-0.9333644510508586,1,1,1,0,0,-0.8013762738735088,0,False,True
15.575091128828094,0.5631086441947499,1.4108426486083288,-0.5730254871776858,2.520297602379893,1,1,0,0,0,-0.8013762738735088,0,True,False
15.575091128828094,0.26569767250230386,0.0504773756210496,-0.5730254871776858,1.3690769179029756,1,0,0,0,1,-0.8013762738735088,0,True,False
15.575091128828094,0.056904753968206614,0.0504773756210496,-0.5730254871776858,1.3690769179029756,1,0,0,0,1,-0.8013762738735088,0,False,True
15.573885583172745,1.0410838997737686,0.0504773756210496,-0.5730254871776858,-0.9333644510508586,1,0,1,0,0,1.527151012475932,1,True,False
15.569048814372131,0.6389789326801861,0.0504773756210496,1.4325637179442137,2.520297602379893,1,0,0,0,1,-0.8013762738735088,0,False,True
15.56296976829575,0.3641440326393438,1.4108426486083288,1.4325637179442137,0.2178562334260585,1,0,0,0,1,1.527151012475932,0,False,True
15.56296976829575,-0.03152808548632711,1.4108426486083288,-0.5730254871776858,0.2178562334260585,1,0,0,0,0,0.3628873693012115,0,True,False
15.56296976829575,0.1633896996178537,0.0504773756210496,-0.5730254871776858,1.3690769179029756,1,0,0,0,1,-0.8013762738735088,0,True,False
15.56296976829575,0.7909744828135117,0.0504773756210496,-0.5730254871776858,-0.9333644510508586,1,1,1,0,1,1.527151012475932,1,False,False
15.56296976829575,0.5505460932256524,0.0504773756210496,1.4325637179442137,2.520297602379893,1,0,0,0,1,-0.8013762738735088,0,False,True
15.547608483134262,0.9112040086569183,1.4108426486083288,1.4325637179442137,0.2178562334260585,1,1,1,0,0,0.3628873693012115,1,True,False
15.538277155705378,2.098747311548085,1.4108426486083288,1.4325637179442137,0.2178562334260585,1,0,0,0,0,0.3628873693012115,0,True,False
15.538277155705378,0.056904753968206614,2.7712079215956082,1.4325637179442137,1.3690769179029756,0,0,1,1,0,-0.8013762738735088,0,False,True
15.538277155705378,0.001986537440137717,1.4108426486083288,-0.5730254871776858,0.2178562334260585,1,1,1,0,1,0.3628873693012115,0,False,False
15.538277155705378,0.1633896996178537,0.0504773756210496,-0.5730254871776858,2.520297602379893,1,0,0,0,0,-0.8013762738735088,0,False,False
15.538277155705378,2.098747311548085,-1.3098878973662296,-0.5730254871776858,-0.9333644510508586,1,0,0,0,0,0.3628873693012115,0,True,False
15.538277155705378,0.412008108286876,0.0504773756210496,1.4325637179442137,0.2178562334260585,1,0,0,0,0,0.3628873693012115,0,True,False
15.538277155705378,0.7909744828135117,0.0504773756210496,-0.5730254871776858,1.3690769179029756,1,0,0,0,0,-0.8013762738735088,1,True,False
15.538277155705378,0.8875973413492131,1.4108426486083288,1.4325637179442137,-0.9333644510508586,1,0,1,0,0,-0.8013762738735088,1,True,False
15.538277155705378,0.23339361959401156,0.0504773756210496,-0.5730254871776858,0.2178562334260585,1,1,1,0,1,-0.8013762738735088,1,False,True
15.532007542691781,-0.1700660704251035,1.4108426486083288,-0.5730254871776858,0.2178562334260585,1,0,0,0,1,1.527151012475932,1,True,False
15.532007542691781,0.3641440326393438,2.7712079215956082,-0.5730254871776858,0.2178562334260585,1,1,1,0,1,-0.8013762738735088,1,False,False
15.525698373498518,-0.9204902035282875,0.0504773756210496,3.4381529230661134,0.2178562334260585,1,0,1,0,0,-0.8013762738735088,0,True,False
15.525698373498518,-0.6575392371832869,0.0504773756210496,1.4325637179442137,0.2178562334260585,1,0,0,0,0,1.527151012475932,0,True,False
15.525698373498518,0.6820959297937872,0.0504773756210496,1.4325637179442137,-0.9333644510508586,1,0,1,0,0,1.527151012475932,1,False,False
15.524431748883325,1.0035506056865917,0.0504773756210496,-0.5730254871776858,-0.9333644510508586,1,1,1,0,0,-0.8013762738735088,1,True,False
15.51934914581986,-1.3332882716403376,1.4108426486083288,1.4325637179442137,0.2178562334260585,0,1,1,0,0,0.3628873693012115,0,False,False
15.51934914581986,1.3828736032139206,0.0504773756210496,-0.5730254871776858,-0.9333644510508586,1,0,0,0,0,1.527151012475932,0,True,False
15.512959347721088,-1.0418385451445789,0.0504773756210496,1.4325637179442137,-0.9333644510508586,1,1,1,0,1,-0.8013762738735088,0,False,False
15.512959347721088,0.7287157056457448,1.4108426486083288,-0.5730254871776858,2.520297602379893,1,1,0,0,1,-0.8013762738735088,0,False,False
15.512959347721088,0.6820959297937872,0.0504773756210496,-0.5730254871776858,1.3690769179029756,1,1,0,0,1,-0.8013762738735088,1,True,False
15.512959347721088,0.8875973413492131,1.4108426486083288,1.4325637179442137,0.2178562334260585,1,1,1,0,0,-0.8013762738735088,1,True,False
15.506528457390797,0.9750419182670188,0.0504773756210496,-0.5730254871776858,-0.9333644510508586,1,1,1,0,1,-0.8013762738735088,1,True,False
15.50005594288518,0.9307143384628142,0.0504773756210496,1.4325637179442137,0.2178562334260585,1,1,1,0,0,0.3628873693012115,1,False,False
15.498756397543094,0.8276287477653304,0.0504773756210496,1.4325637179442137,-0.9333644510508586,1,1,1,1,0,-0.8013762738735088,0,False,True
15.486983861317826,1.3233610842766204,0.0504773756210496,-0.5730254871776858,-0.9333644510508586,1,0,1,0,1,1.527151012475932,1,False,True
15.480383177286475,-0.05411280608772479,-1.3098878973662296,1.4325637179442137,-0.9333644510508586,1,0,0,0,1,1.527151012475932,0,True,False
15.473738634567807,-0.2544135230860783,1.4108426486083288,-0.5730254871776858,0.2178562334260585,1,0,1,0,1,-0.8013762738735088,0,False,False
15.473738634567807,0.8637750850555181,1.4108426486083288,1.4325637179442137,0.2178562334260585,0,0,0,0,1,-0.8013762738735088,0,True,False
15.473738634567807,0.412008108286876,0.0504773756210496,1.4325637179442137,-0.9333644510508586,1,0,1,0,0,-0.8013762738735088,0,True,False
15.473738634567807,2.0407192193997905,0.0504773756210496,-0.5730254871776858,-0.9333644510508586,1,0,0,0,0,0.3628873693012115,1,True,False
15.473738634567807,1.5166731328361056,0.0504773756210496,-0.5730254871776858,0.2178562334260585,1,1,1,0,1,1.527151012475932,1,False,True
15.473738634567807,0.3153852497511746,1.4108426486083288,1.4325637179442137,-0.9333644510508586,1,0,0,0,1,-0.8013762738735088,1,False,True
15.473738634567807,-0.5524840087163154,0.0504773756210496,-0.5730254871776858,0.2178562334260585,1,1,1,0,0,0.3628873693012115,1,False,True
15.473738634567807,1.918778099929688,1.4108426486083288,1.4325637179442137,0.2178562334260585,1,1,0,0,0,1.527151012475932,0,True,False
15.473738634567807,1.5536740217914222,0.0504773756210496,-0.5730254871776858,-0.9333644510508586,1,0,0,0,1,1.527151012475932,0,False,False
15.47240441155467,0.6606265169559029,0.0504773756210496,-0.5730254871776858,-0.9333644510508586,1,0,1,0,0,-0.8013762738735088,1,True,False
15.469730613170269,1.0725680035896155,0.0504773756210496,-0.5730254871776858,-0.9333644510508586,1,1,1,0,0,1.527151012475932,1,True,False
15.46704964641701,-1.017113062063989,0.0504773756210496,1.4325637179442137,0.2178562334260585,1,0,0,0,0,1.527151012475932,0,True,False
15.46704964641701,-0.11144520042299323,1.4108426486083288,1.4325637179442137,-0.9333644510508586,0,0,1,0,1,1.527151012475932,0,True,False
15.46704964641701,1.1145681657425233,0.0504773756210496,-0.5730254871776858,0.2178562334260585,1,1,1,0,0,0.3628873693012115,1,False,False
15.453535927250288,-0.8349573298360122,0.0504773756210496,-0.5730254871776858,0.2178562334260585,0,0,0,0,1,-0.8013762738735088,0,True,False
15.453535927250288,1.3828736032139206,0.0504773756210496,-0.5730254871776858,-0.9333644510508586,1,0,0,0,0,0.3628873693012115,1,True,False
15.446709962179888,-1.1691086121973144,0.0504773756210496,1.4325637179442137,0.2178562334260585,1,1,1,0,0,-0.8013762738735088,0,False,False
15.446709962179888,-1.1691086121973144,0.0504773756210496,-0.5730254871776858,0.2178562334260585,1,0,1,0,0,-0.8013762738735088,0,False,True
15.446709962179888,2.3155541194406375,-1.3098878973662296,-0.5730254871776858,0.2178562334260585,1,0,0,0,0,-0.8013762738735088,1,False,False
15.446709962179888,0.6820959297937872,0.0504773756210496,-0.5730254871776858,-0.9333644510508586,1,0,1,0,1,-0.8013762738735088,1,True,False
15.439837082892126,0.5143160811713262,-1.3098878973662296,-0.5730254871776858,0.2178562334260585,1,0,0,0,1,-0.8013762738735088,1,False,True
15.432916640047551,-0.7373610654974344,-1.3098878973662296,-0.5730254871776858,-0.9333644510508586,0,1,1,0,0,-0.8013762738735088,0,True,False
15.432916640047551,1.255603536161185,1.4108426486083288,-0.5730254871776858,0.2178562334260585,1,0,0,0,1,1.527151012475932,0,False,False
15.432916640047551,2.1479661101211547,0.0504773756210496,-0.5730254871776858,0.2178562334260585,1,1,1,0,0,-0.8013762738735088,0,True,False
15.432916640047551,0.8875973413492131,0.0504773756210496,-0.5730254871776858,-0.9333644510508586,1,1,1,0,0,-0.8013762738735088,1,False,False
15.431526785758496,0.056904753968206614,-1.3098878973662296,-0.5730254871776858,-0.9333644510508586,1,1,1,0,0,-0.8013762738735088,0,True,False
15.425947970731459,1.437859919284718,0.0504773756210496,1.4325637179442137,-0.9333644510508586,1,1,1,0,0,-0.8013762738735088,0,True,False
15.418930398072812,-0.16414434498865949,1.4108426486083288,3.4381529230661134,0.2178562334260585,1,0,1,0,0,1.527151012475932,0,True,False
15.418930398072812,1.2849552299088596,0.0504773756210496,-0.5730254871776858,-0.9333644510508586,1,1,1,1,0,-0.8013762738735088,0,True,False
15.41610952173117,-1.3490778238157137,0.0504773756210496,1.4325637179442137,0.2178562334260585,0,0,1,0,1,0.3628873693012115,0,True,False
15.411863230849718,0.616273234482326,0.0504773756210496,-0.5730254871776858,0.2178562334260585,1,0,0,0,1,-0.8013762738735088,0,True,False
15.40617331507204,-0.29141441204139495,0.0504773756210496,-0.5730254871776858,0.2178562334260585,1,0,0,0,0,0.3628873693012115,0,False,False
15.404745763080856,-0.09987747000464246,0.0504773756210496,-0.5730254871776858,0.2178562334260585,1,0,1,0,1,-0.8013762738735088,0,True,False
15.404745763080856,-0.3574563935481447,0.0504773756210496,-0.5730254871776858,0.2178562334260585,0,1,1,0,1,-0.8013762738735088,0,True,False
15.404745763080856,-0.34157978376628023,-1.3098878973662296,-0.5730254871776858,-0.9333644510508586,1,0,1,0,0,0.3628873693012115,0,True,False
15.404745763080856,0.3641440326393438,1.4108426486083288,-0.5730254871776858,0.2178562334260585,1,0,0,0,0,-0.8013762738735088,0,True,False
15.404745763080856,0.0405503497103323,0.0504773756210496,-0.5730254871776858,-0.9333644510508586,1,1,1,0,0,-0.8013762738735088,0,True,False
15.404745763080856,0.7662489997329216,0.0504773756210496,-0.5730254871776858,-0.9333644510508586,1,0,0,0,1,1.527151012475932,0,True,False
15.404745763080856,0.5505460932256524,-1.3098878973662296,-0.5730254871776858,-0.9333644510508586,1,1,1,0,1,-0.8013762738735088,0,True,False
15.404745763080856,-1.1691086121973144,0.0504773756210496,-0.5730254871776858,0.2178562334260585,1,0,1,0,1,-0.8013762738735088,0,True,False
15.404745763080856,-1.1953251035691321,0.0504773756210496,-0.5730254871776858,1.3690769179029756,1,0,0,0,0,-0.8013762738735088,0,True,False
15.404745763080856,0.9345989541241214,0.0504773756210496,-0.5730254871776858,-0.9333644510508586,1,0,0,0,0,-0.8013762738735088,0,False,True
15.404745763080856,-0.02815717965281985,0.0504773756210496,-0.5730254871776858,0.2178562334260585,1,1,1,0,0,1.527151012475932,0,True,False
15.40331617027126,-0.8273189087571624,1.4108426486083288,1.4325637179442137,0.2178562334260585,1,0,1,0,1,1.527151012475932,0,True,False
15.40331617027126,0.16077987555373896,1.4108426486083288,1.4325637179442137,-0.9333644510508586,1,0,1,0,0,-0.8013762738735088,0,True,False
15.397577273602243,-0.19987803987752695,-1.3098878973662296,-0.5730254871776858,-0.9333644510508586,1,0,1,0,0,-0.8013762738735088,0,False,True
15.390357025628756,-0.3163765062096803,0.0504773756210496,-0.5730254871776858,1.3690769179029756,1,0,0,0,0,-0.8013762738735088,0,False,True
15.390357025628756,0.6563113481728494,0.0504773756210496,-0.5730254871776858,-0.9333644510508586,1,0,0,0,0,1.527151012475932,1,True,False
15.390357025628756,0.9891451455165022,0.0504773756210496,-0.5730254871776858,0.2178562334260585,1,0,0,0,1,1.527151012475932,1,False,False
15.390357025628756,0.06504366520281173,-1.3098878973662296,-0.5730254871776858,-0.9333644510508586,1,0,0,0,1,-0.8013762738735088,1,True,False
15.383084266299676,1.0410838997737686,0.0504773756210496,-0.5730254871776858,0.2178562334260585,1,0,1,0,0,-0.8013762738735088,0,False,True
15.383084266299676,1.4218074444136604,1.4108426486083288,-0.5730254871776858,2.520297602379893,1,0,1,0,1,1.527151012475932,0,True,False
15.377227734186963,-0.8273189087571624,1.4108426486083288,1.4325637179442137,0.2178562334260585,1,0,0,0,0,-0.8013762738735088,0,True,False
15.375758226207603,1.7443167027351785,-1.3098878973662296,-0.5730254871776858,-0.9333644510508586,1,0,1,0,1,1.527151012475932,0,True,False
15.375758226207603,0.7749296031996641,0.0504773756210496,-0.5730254871776858,0.2178562334260585,1,0,1,0,1,0.3628873693012115,0,False,False
15.375758226207603,2.033342253236907,-1.3098878973662296,-0.5730254871776858,-0.9333644510508586,1,0,0,0,1,1.527151012475932,1,False,True
15.374286555596147,0.82358139406819,-1.3098878973662296,-0.5730254871776858,-0.9333644510508586,1,0,0,0,1,2.6914146556506524,0,True,False
15.360943140422462,0.2506049461091647,0.0504773756210496,-0.5730254871776858,2.520297602379893,1,0,0,0,1,-0.8013762738735088,0,True,False
15.360943140422462,0.6389789326801861,-1.3098878973662296,-0.5730254871776858,-0.9333644510508586,1,0,1,0,1,0.3628873693012115,0,False,False
15.360943140422462,-0.6718717948592605,0.0504773756210496,-0.5730254871776858,0.2178562334260585,1,0,0,0,0,1.527151012475932,0,True,False
15.360943140422462,1.883134352418787,1.4108426486083288,1.4325637179442137,0.2178562334260585,1,1,1,0,0,0.3628873693012115,0,True,False
15.360943140422462,0.3641440326393438,-1.3098878973662296,-0.5730254871776858,0.2178562334260585,1,0,0,0,0,-0.8013762738735088,1,True,False
15.360943140422462,-0.21793014607264033,0.0504773756210496,-0.5730254871776858,-0.9333644510508586,1,0,0,0,0,-0.8013762738735088,1,True,False
15.353452468693305,-0.5905147794779271,0.0504773756210496,-0.5730254871776858,0.2178562334260585,1,0,1,0,0,-0.8013762738735088,0,False,False
15.345905263057922,-0.3163765062096803,0.0504773756210496,-0.5730254871776858,-0.9333644510508586,1,1,1,0,1,-0.8013762738735088,0,False,True
15.345905263057922,-0.49813789854748847,0.0504773756210496,1.4325637179442137,0.2178562334260585,1,0,1,0,0,1.527151012475932,0,True,False
15.345905263057922,0.4960106100171057,0.0504773756210496,-0.5730254871776858,0.2178562334260585,1,1,0,0,1,0.3628873693012115,0,True,False
15.345905263057922,-1.284666676331757,-1.3098878973662296,-0.5730254871776858,0.2178562334260585,1,1,1,0,0,-0.8013762738735088,1,True,False
15.345905263057922,0.16860152739459144,0.0504773756210496,-0.5730254871776858,0.2178562334260585,1,0,1,0,0,-0.8013762738735088,0,True,False
15.344388962539957,-0.10565492294114648,1.4108426486083288,1.4325637179442137,0.2178562334260585,1,0,1,0,0,-0.8013762738735088,0,True,False
15.338300663672703,-0.4186844790941304,0.0504773756210496,-0.5730254871776858,0.2178562334260585,1,0,0,0,0,0.3628873693012115,0,False,False
15.338300663672703,-0.5251694247437775,0.0504773756210496,-0.5730254871776858,0.2178562334260585,1,0,0,0,0,0.3628873693012115,1,True,False
15.330637790927133,-0.5800876412718418,0.0504773756210496,-0.5730254871776858,-0.9333644510508586,1,0,0,0,0,1.527151012475932,0,True,False
15.330637790927133,-0.6646956722192818,0.0504773756210496,-0.5730254871776858,0.2178562334260585,1,0,0,0,1,-0.8013762738735088,0,False,False
15.330637790927133,-1.593042317004958,0.0504773756210496,-0.5730254871776858,0.2178562334260585,1,0,1,0,0,-0.8013762738735088,0,False,False
15.330637790927133,0.3252101914395994,0.0504773756210496,-0.5730254871776858,0.2178562334260585,1,1,1,0,0,-0.8013762738735088,1,True,False
15.330637790927133,0.3447497504771418,0.0504773756210496,-0.5730254871776858,0.2178562334260585,1,0,0,0,0,1.527151012475932,1,False,True
15.330637790927133,-0.7521402491370877,0.0504773756210496,-0.5730254871776858,-0.9333644510508586,1,0,0,0,0,-0.8013762738735088,1,True,False
15.330637790927133,1.5166731328361056,1.4108426486083288,-0.5730254871776858,2.520297602379893,1,0,0,0,0,2.6914146556506524,0,False,True
15.32909814474154,-0.35427333161017344,-1.3098878973662296,1.4325637179442137,-0.9333644510508586,1,1,1,0,0,-0.8013762738735088,0,True,False
15.32909814474154,0.15816743774450656,1.4108426486083288,1.4325637179442137,0.2178562334260585,1,1,1,0,0,-0.8013762738735088,1,False,False
15.322915744833223,-0.7595613606417224,0.0504773756210496,-0.5730254871776858,1.3690769179029756,1,0,0,0,0,-0.8013762738735088,0,True,False
15.322915744833223,-0.8045369391909087,0.0504773756210496,-0.5730254871776858,0.2178562334260585,1,0,1,0,0,0.3628873693012115,0,True,False
15.322915744833223,1.9346999332955073,0.0504773756210496,-0.5730254871776858,-0.9333644510508586,1,0,0,0,0,-0.8013762738735088,0,True,False
15.322915744833223,-0.7521402491370877,-1.3098878973662296,-0.5730254871776858,0.2178562334260585,1,0,0,0,0,-0.8013762738735088,1,False,False
15.315133604391168,-0.10565492294114648,1.4108426486083288,-0.5730254871776858,0.2178562334260585,1,0,0,0,1,1.527151012475932,0,True,False
15.315133604391168,0.588496973912681,-1.3098878973662296,-0.5730254871776858,-0.9333644510508586,1,0,0,0,1,0.3628873693012115,0,False,True
15.315133604391168,-0.4186844790941304,0.0504773756210496,-0.5730254871776858,0.2178562334260585,1,0,0,0,0,1.527151012475932,0,False,False
15.315133604391168,1.4696715200611925,0.0504773756210496,-0.5730254871776858,-0.9333644510508586,1,0,0,0,0,-0.8013762738735088,0,False,False
15.315133604391168,-0.39272885265922086,0.0504773756210496,-0.5730254871776858,0.2178562334260585,1,0,0,0,0,0.3628873693012115,0,True,False
15.313569882414985,0.7909744828135117,-1.3098878973662296,-0.5730254871776858,-0.9333644510508586,1,0,1,0,1,0.3628873693012115,0,False,False
15.313569882414985,-1.031920210250348,0.0504773756210496,-0.5730254871776858,0.2178562334260585,1,0,0,0,1,0.3628873693012115,0,False,False
15.313569882414985,-0.7595613606417224,0.0504773756210496,-0.5730254871776858,0.2178562334260585,1,0,0,0,0,-0.8013762738735088,0,True,False
15.307290426930143,-0.5870344334853302,-1.3098878973662296,-0.5730254871776858,-0.9333644510508586,1,1,1,0,0,-0.8013762738735088,0,True,False
15.299385247423029,-0.4396365510515023,0.0504773756210496,-0.5730254871776858,0.2178562334260585,0,0,0,0,0,-0.8013762738735088,0,True,False
15.299385247423029,0.11069055505218744,-1.3098878973662296,-0.5730254871776858,0.2178562334260585,1,0,1,0,0,-0.8013762738735088,0,True,False
15.297796684737891,-1.2755935578469568,0.0504773756210496,-0.5730254871776858,0.2178562334260585,1,0,0,0,0,-0.8013762738735088,1,True,False
15.297796684737891,0.10002175108180766,0.0504773756210496,-0.5730254871776858,-0.9333644510508586,1,0,0,0,0,1.527151012475932,1,False,True
15.297796684737891,0.12131590145216362,0.0504773756210496,-0.5730254871776858,0.2178562334260585,1,0,0,0,0,0.3628873693012115,0,True,False
15.29301579913755,0.13717320824602908,1.4108426486083288,-0.5730254871776858,0.2178562334260585,1,0,0,0,1,-0.8013762738735088,0,True,False
15.291417077773852,-0.48472646060088015,0.0504773756210496,-0.5730254871776858,0.2178562334260585,1,0,0,0,0,-0.8013762738735088,0,False,True
15.283384906076588,-0.11144520042299323,0.0504773756210496,1.4325637179442137,1.3690769179029756,1,0,0,1,0,0.3628873693012115,0,False,False
15.283384906076588,-2.3537160465349096,2.7712079215956082,-0.5730254871776858,0.2178562334260585,0,0,1,0,0,-0.8013762738735088,0,True,False
15.283384906076588,-0.3702276255927826,0.0504773756210496,-0.5730254871776858,-0.9333644510508586,1,1,1,0,0,1.527151012475932,0,True,False
15.283384906076588,-0.767003645103732,1.4108426486083288,-0.5730254871776858,0.2178562334260585,1,0,0,0,0,1.527151012475932,0,False,False
15.283384906076588,0.8276287477653304,1.4108426486083288,-0.5730254871776858,0.2178562334260585,1,0,0,0,0,-0.8013762738735088,0,True,False
15.278534451942837,-0.39789935769104207,-1.3098878973662296,-0.5730254871776858,-0.9333644510508586,1,0,1,0,0,-0.8013762738735088,0,False,False
15.275287695843968,-0.1700660704251035,-1.3098878973662296,-0.5730254871776858,-0.9333644510508586,1,0,0,0,0,0.3628873693012115,0,True,False
15.275287695843968,2.06373310885368,-1.3098878973662296,-0.5730254871776858,-0.9333644510508586,1,0,0,0,0,0.3628873693012115,1,True,False
15.268762387209046,-0.8426181839017762,0.0504773756210496,-0.5730254871776858,0.2178562334260585,1,0,1,0,0,1.527151012475932,1,True,False
15.267124385204808,0.7909744828135117,-1.3098878973662296,-0.5730254871776858,-0.9333644510508586,1,0,0,0,0,-0.8013762738735088,0,False,False
15.267124385204808,0.7909744828135117,-1.3098878973662296,-0.5730254871776858,0.2178562334260585,1,0,0,0,0,-0.8013762738735088,0,False,True
15.267124385204808,-0.11144520042299323,-1.3098878973662296,-0.5730254871776858,-0.9333644510508586,1,0,0,0,1,1.527151012475932,0,False,False
15.267124385204808,-2.0079655847550275,0.0504773756210496,-0.5730254871776858,0.2178562334260585,0,1,1,0,1,-0.8013762738735088,0,False,True
15.267124385204808,-0.193888326718803,1.4108426486083288,-0.5730254871776858,0.2178562334260585,1,0,0,0,0,-0.8013762738735088,0,False,False
15.267124385204808,1.3133089757505008,-1.3098878973662296,-0.5730254871776858,-0.9333644510508586,1,0,0,0,0,0.3628873693012115,0,False,False
15.258893886068291,0.9072843701515836,0.0504773756210496,-0.5730254871776858,0.2178562334260585,1,1,0,0,0,-0.8013762738735088,0,True,False
15.258893886068291,-1.3612170066858407,0.0504773756210496,-0.5730254871776858,-0.9333644510508586,1,0,1,0,0,-0.8013762738735088,1,False,False
15.250595083253597,0.412008108286876,0.0504773756210496,-0.5730254871776858,0.2178562334260585,1,0,0,0,1,-0.8013762738735088,0,False,True
15.250595083253597,0.18417482102094207,0.0504773756210496,-0.5730254871776858,0.2178562334260585,1,0,1,0,1,-0.8013762738735088,0,False,True
15.250595083253597,0.572936951173441,-1.3098878973662296,-0.5730254871776858,-0.9333644510508586,1,1,1,0,0,1.527151012475932,0,True,False
15.250595083253597,-1.5323763516926927,1.4108426486083288,3.4381529230661134,0.2178562334260585,0,0,0,0,0,-0.8013762738735088,0,True,False
15.250595083253597,-1.2102989153725083,0.0504773756210496,-0.5730254871776858,0.2178562334260585,1,0,1,0,1,-0.8013762738735088,0,False,True
15.250595083253597,-1.3989266469164017,1.4108426486083288,1.4325637179442137,0.2178562334260585,0,0,0,0,0,-0.8013762738735088,0,True,False
15.250595083253597,-0.16414434498865949,-1.3098878973662296,-0.5730254871776858,-0.9333644510508586,0,0,0,0,0,0.3628873693012115,0,False,True
15.250595083253597,-0.4186844790941304,1.4108426486083288,1.4325637179442137,0.2178562334260585,0,0,0,0,0,-0.8013762738735088,0,True,False
15.250595083253597,-1.8339998716082209,0.0504773756210496,-0.5730254871776858,0.2178562334260585,0,0,0,0,0,-0.8013762738735088,0,True,False
15.250595083253597,-0.05411280608772479,0.0504773756210496,1.4325637179442137,0.2178562334260585,1,0,0,0,1,0.3628873693012115,0,True,False
15.250595083253597,-0.6646956722192818,0.0504773756210496,1.4325637179442137,0.2178562334260585,1,0,1,0,0,-0.8013762738735088,0,False,True
15.250595083253597,0.5505460932256524,0.0504773756210496,-0.5730254871776858,-0.9333644510508586,1,0,0,1,0,1.527151012475932,0,True,False
15.250595083253597,1.0410838997737686,0.0504773756210496,-0.5730254871776858,-0.9333644510508586,1,0,0,0,0,2.6914146556506524,0,False,False
15.250595083253597,-0.36766837207918857,0.0504773756210496,-0.5730254871776858,1.3690769179029756,1,0,0,0,0,-0.8013762738735088,0,True,False
15.250595083253597,-0.7521402491370877,0.0504773756210496,-0.5730254871776858,0.2178562334260585,1,0,0,0,0,-0.8013762738735088,1,True,False
15.250595083253597,-2.0441955968093537,0.0504773756210496,-0.5730254871776858,1.3690769179029756,1,0,0,0,0,0.3628873693012115,1,False,True
15.250595083253597,-0.11144520042299323,0.0504773756210496,-0.5730254871776858,-0.9333644510508586,1,0,1,0,0,-0.8013762738735088,0,False,False
15.2489270261529,1.4696715200611925,0.0504773756210496,-0.5730254871776858,-0.9333644510508586,1,0,1,0,0,2.6914146556506524,0,True,False
15.2489270261529,-0.8045369391909087,0.0504773756210496,-0.5730254871776858,0.2178562334260585,1,0,0,0,0,0.3628873693012115,0,True,False
15.24222683358308,0.07855233824391882,0.0504773756210496,-0.5730254871776858,0.2178562334260585,1,0,0,0,0,0.3628873693012115,0,True,False
15.24222683358308,-0.36702895083943915,0.0504773756210496,-0.5730254871776858,0.2178562334260585,1,0,0,0,0,1.527151012475932,0,True,False
15.24222683358308,-0.38885768855350256,0.0504773756210496,-0.5730254871776858,0.2178562334260585,1,0,1,0,0,0.3628873693012115,0,True,False
15.233787964937216,-0.03602941349631728,1.4108426486083288,-0.5730254871776858,0.2178562334260585,1,0,0,0,1,-0.8013762738735088,0,True,False
15.233787964937216,0.6324494701107366,0.0504773756210496,-0.5730254871776858,-0.9333644510508586,1,0,1,0,0,-0.8013762738735088,0,True,False
15.232091611689038,0.6649345591150957,-1.3098878973662296,-0.5730254871776858,-0.9333644510508586,1,0,1,0,0,0.3628873693012115,0,True,False
15.226131611075223,-0.6935193791349774,0.0504773756210496,-0.5730254871776858,-0.9333644510508586,1,0,1,0,1,-0.8013762738735088,1,False,False
15.225277275269306,-0.6361869847997089,0.0504773756210496,1.4325637179442137,0.2178562334260585,1,0,0,0,0,-0.8013762738735088,0,True,False
15.225277275269306,-0.39272885265922086,-1.3098878973662296,-0.5730254871776858,0.2178562334260585,1,0,0,0,0,0.3628873693012115,0,True,False
15.225277275269306,0.459009721061789,-1.3098878973662296,-0.5730254871776858,-0.9333644510508586,1,0,0,0,1,-0.8013762738735088,0,True,False
15.216693531577915,0.5951372463177291,1.4108426486083288,1.4325637179442137,0.2178562334260585,0,0,1,0,0,0.3628873693012115,0,False,True
15.216693531577915,0.15921272685265675,0.0504773756210496,1.4325637179442137,0.2178562334260585,1,0,0,0,0,1.527151012475932,0,False,True
15.216693531577915,-0.20588153834911974,0.0504773756210496,-0.5730254871776858,-0.9333644510508586,1,0,0,0,0,-0.8013762738735088,0,True,False
15.216693531577915,-1.1691086121973144,1.4108426486083288,-0.5730254871776858,1.3690769179029756,1,0,1,0,1,1.527151012475932,0,True,False
15.216693531577915,-0.21793014607264033,0.0504773756210496,-0.5730254871776858,0.2178562334260585,1,0,0,0,0,1.527151012475932,1,False,False
15.208035468834801,-0.6718717948592605,0.0504773756210496,1.4325637179442137,0.2178562334260585,1,0,0,1,0,1.527151012475932,0,True,False
15.208035468834801,-0.7969869514759477,0.0504773756210496,1.4325637179442137,-0.9333644510508586,1,0,1,0,1,0.3628873693012115,0,False,False
15.208035468834801,0.3641440326393438,0.0504773756210496,-0.5730254871776858,-0.9333644510508586,1,0,0,0,0,2.6914146556506524,0,True,False
15.203678163465845,-0.11144520042299323,0.0504773756210496,-0.5730254871776858,0.2178562334260585,0,0,1,0,1,-0.8013762738735088,0,True,False
15.203678163465845,-0.7969869514759477,1.4108426486083288,-0.5730254871776858,0.2178562334260585,1,0,0,0,1,-0.8013762738735088,0,True,False
15.199301788866046,-0.35427333161017344,1.4108426486083288,-0.5730254871776858,-0.9333644510508586,0,0,1,0,0,-0.8013762738735088,0,False,True
15.199301788866046,0.8397332657016808,0.0504773756210496,-0.5730254871776858,0.2178562334260585,0,0,0,0,1,0.3628873693012115,0,True,False
15.199301788866046,-0.11144520042299323,0.0504773756210496,1.4325637179442137,0.2178562334260585,0,0,1,0,1,-0.8013762738735088,0,True,False
15.199301788866046,-0.44490097046595045,0.0504773756210496,-0.5730254871776858,0.2178562334260585,1,0,0,0,0,-0.8013762738735088,0,False,False
15.199301788866046,-0.38628010046384015,-1.3098878973662296,-0.5730254871776858,0.2178562334260585,1,1,1,0,0,-0.8013762738735088,1,False,True
15.181602211766645,1.13621575001824,0.0504773756210496,1.4325637179442137,-0.9333644510508586,1,1,1,0,0,2.6914146556506524,0,False,False
15.181602211766645,0.412008108286876,1.4108426486083288,-0.5730254871776858,0.2178562334260585,1,1,1,0,0,-0.8013762738735088,0,True,False
15.181602211766645,-1.1691086121973144,0.0504773756210496,-0.5730254871776858,0.2178562334260585,1,0,0,0,0,-0.8013762738735088,0,True,False
15.181602211766645,-0.9284068072814434,-1.3098878973662296,-0.5730254871776858,-0.9333644510508586,1,0,0,1,0,0.3628873693012115,0,False,False
15.181602211766645,-0.5415238290016519,-1.3098878973662296,-0.5730254871776858,-0.9333644510508586,1,0,1,0,1,1.527151012475932,0,False,False
15.181602211766645,1.4153586922182797,0.0504773756210496,-0.5730254871776858,-0.9333644510508586,1,0,0,0,1,1.527151012475932,0,True,False
15.181602211766645,-2.0441955968093537,1.4108426486083288,1.4325637179442137,-0.9333644510508586,1,0,1,0,0,-0.8013762738735088,1,False,True
15.172633541783885,-0.5662493120822419,-1.3098878973662296,-0.5730254871776858,0.2178562334260585,1,1,1,0,0,-0.8013762738735088,0,True,False
15.172633541783885,-1.017113062063989,1.4108426486083288,1.4325637179442137,0.2178562334260585,1,0,0,0,0,-0.8013762738735088,0,False,False
15.163583706263967,0.3153852497511746,2.7712079215956082,1.4325637179442137,0.2178562334260585,1,0,0,0,0,-0.8013762738735088,0,True,False
15.163583706263967,-1.017113062063989,-1.3098878973662296,1.4325637179442137,-0.9333644510508586,1,0,1,0,0,1.527151012475932,0,True,False
15.163583706263967,1.0971198134986082,0.0504773756210496,-0.5730254871776858,0.2178562334260585,1,0,0,0,1,-0.8013762738735088,0,False,False
15.163583706263967,-0.36702895083943915,-1.3098878973662296,-0.5730254871776858,-0.9333644510508586,1,0,0,0,0,-0.8013762738735088,0,True,False
15.163583706263967,-0.518385236434705,-1.3098878973662296,-0.5730254871776858,-0.9333644510508586,1,0,0,0,0,-0.8013762738735088,0,True,False
15.163583706263967,-2.2072811317861056,0.0504773756210496,-0.5730254871776858,0.2178562334260585,1,0,1,0,0,-0.8013762738735088,1,True,False
15.163583706263967,-2.00676654132574,-1.3098878973662296,-0.5730254871776858,0.2178562334260585,1,1,0,0,0,-0.8013762738735088,1,True,False
15.159940714985465,-0.8812636156883792,0.0504773756210496,-0.5730254871776858,0.2178562334260585,1,0,0,0,0,-0.8013762738735088,0,False,True
15.154451222700695,-1.0418385451445789,-1.3098878973662296,1.4325637179442137,-0.9333644510508586,0,0,1,0,0,-0.8013762738735088,0,True,False
15.14523456759577,0.06775100217078595,0.0504773756210496,-0.5730254871776858,0.2178562334260585,1,0,0,0,0,-0.8013762738735088,0,True,False
15.14523456759577,-0.8273189087571624,-1.3098878973662296,-0.5730254871776858,0.2178562334260585,1,0,0,1,0,0.3628873693012115,0,True,False
15.14523456759577,-0.6935193791349774,-1.3098878973662296,-0.5730254871776858,-0.9333644510508586,1,0,0,0,0,-0.8013762738735088,0,True,False
15.14523456759577,0.5640036584202015,-1.3098878973662296,-0.5730254871776858,-0.9333644510508586,1,0,0,0,0,1.527151012475932,0,False,True
15.14523456759577,-1.2974222955610226,0.0504773756210496,-0.5730254871776858,1.3690769179029756,1,0,0,0,0,-0.8013762738735088,1,False,False
15.14523456759577,1.5166731328361056,-1.3098878973662296,-0.5730254871776858,-0.9333644510508586,1,0,0,0,0,0.3628873693012115,0,False,False
15.143380998946448,1.4696715200611925,0.0504773756210496,-0.5730254871776858,-0.9333644510508586,1,0,0,0,0,1.527151012475932,0,False,False
15.143380998946448,-1.6239127238565585,2.7712079215956082,1.4325637179442137,-0.9333644510508586,0,0,1,0,1,0.3628873693012115,0,False,False
15.143380998946448,1.0148674084019484,1.4108426486083288,-0.5730254871776858,0.2178562334260585,0,0,0,0,0,0.3628873693012115,0,False,False
15.135932174933457,-0.7819522185895111,-1.3098878973662296,-0.5730254871776858,-0.9333644510508586,1,0,0,0,0,-0.8013762738735088,1,True,False
15.126542434583618,-0.6935193791349774,0.0504773756210496,-0.5730254871776858,-0.9333644510508586,1,0,0,0,0,0.3628873693012115,0,False,True
15.126542434583618,-0.39272885265922086,-1.3098878973662296,-0.5730254871776858,-0.9333644510508586,1,0,0,0,0,-0.8013762738735088,0,True,False
15.126542434583618,0.6476595361469333,0.0504773756210496,-0.5730254871776858,-0.9333644510508586,1,0,0,0,0,-0.8013762738735088,0,True,False
15.126542434583618,-0.38628010046384015,-1.3098878973662296,-0.5730254871776858,-0.9333644510508586,1,0,0,0,0,-0.8013762738735088,0,False,False
15.126542434583618,-0.7051386363621792,-1.3098878973662296,-0.5730254871776858,-0.9333644510508586,1,0,0,1,0,-0.8013762738735088,0,True,False
15.12465385989575,-1.0668006393128597,0.0504773756210496,-0.5730254871776858,0.2178562334260585,0,0,1,1,0,-0.8013762738735088,0,True,False
15.12465385989575,0.3881858519931811,-1.3098878973662296,-0.5730254871776858,-0.9333644510508586,1,0,0,0,0,-0.8013762738735088,0,False,False
15.117063690629074,-0.6718717948592605,-1.3098878973662296,-0.5730254871776858,-0.9333644510508586,1,0,1,0,0,-0.8013762738735088,0,False,False
15.117063690629074,-0.6718717948592605,-1.3098878973662296,-0.5730254871776858,-0.9333644510508586,1,0,0,0,1,-0.8013762738735088,0,False,True
15.117063690629074,0.47757577050247474,-1.3098878973662296,-0.5730254871776858,-0.9333644510508586,0,0,0,0,0,-0.8013762738735088,0,True,False
15.117063690629074,-0.6935193791349774,-1.3098878973662296,-0.5730254871776858,-0.9333644510508586,1,0,0,0,0,-0.8013762738735088,0,False,False
15.107494239612924,-0.24219561346832547,-1.3098878973662296,-0.5730254871776858,-0.9333644510508586,1,0,0,0,1,1.527151012475932,0,True,False
15.107494239612924,-0.7153481168490408,0.0504773756210496,-0.5730254871776858,0.2178562334260585,1,0,1,0,0,-0.8013762738735088,0,True,False
15.107494239612924,-1.017113062063989,0.0504773756210496,-0.5730254871776858,0.2178562334260585,0,0,1,0,0,-0.8013762738735088,0,True,False
15.107494239612924,-1.1691086121973144,-1.3098878973662296,-0.5730254871776858,0.2178562334260585,1,0,0,0,1,-0.8013762738735088,0,False,False
15.107494239612924,-0.7521402491370877,-1.3098878973662296,1.4325637179442137,-0.9333644510508586,1,0,1,0,0,-0.8013762738735088,0,True,False
15.107494239612924,0.6215305804362712,0.0504773756210496,-0.5730254871776858,0.2178562334260585,1,1,1,0,0,-0.8013762738735088,0,False,True
15.107494239612924,-0.33525609840385195,0.0504773756210496,1.4325637179442137,0.2178562334260585,1,0,0,0,0,1.527151012475932,0,True,False
15.107494239612924,-1.3029081418194994,0.0504773756210496,1.4325637179442137,0.2178562334260585,0,0,1,0,0,-0.8013762738735088,1,False,True
15.107494239612924,-1.8907090383847982,0.0504773756210496,-0.5730254871776858,1.3690769179029756,1,0,0,1,1,-0.8013762738735088,1,True,False
15.10556931120334,-0.7521402491370877,0.0504773756210496,-0.5730254871776858,-0.9333644510508586,1,0,0,0,0,1.527151012475932,1,False,True
15.097832328701186,-0.11144520042299323,-1.3098878973662296,-0.5730254871776858,-0.9333644510508586,1,0,0,0,0,-0.8013762738735088,0,True,False
15.097832328701186,-0.4186844790941304,-1.3098878973662296,-0.5730254871776858,-0.9333644510508586,1,0,0,0,0,-0.8013762738735088,1,True,False
15.088076153755821,-1.0418385451445789,0.0504773756210496,-0.5730254871776858,0.2178562334260585,1,0,1,0,0,-0.8013762738735088,0,False,False
15.088076153755821,-0.11144520042299323,1.4108426486083288,1.4325637179442137,0.2178562334260585,1,0,1,0,0,1.527151012475932,0,False,False
15.088076153755821,-0.11144520042299323,-1.3098878973662296,-0.5730254871776858,-0.9333644510508586,0,0,0,0,0,-0.8013762738735088,0,False,False
15.088076153755821,-0.6646956722192818,-1.3098878973662296,-0.5730254871776858,-0.9333644510508586,1,0,0,0,0,-0.8013762738735088,0,False,True
15.07822385731281,-0.518385236434705,0.0504773756210496,-0.5730254871776858,-0.9333644510508586,1,0,0,0,0,1.527151012475932,0,False,True
15.068273526459642,-0.2666889289608049,0.0504773756210496,-0.5730254871776858,0.2178562334260585,1,0,0,0,1,-0.8013762738735088,0,True,False
15.068273526459642,-0.6575392371832869,0.0504773756210496,-0.5730254871776858,0.2178562334260585,1,0,0,0,0,-0.8013762738735088,0,False,True
15.068273526459642,-0.05411280608772479,1.4108426486083288,-0.5730254871776858,0.2178562334260585,1,0,0,0,0,-0.8013762738735088,0,True,False
15.068273526459642,-2.0563849598052943,0.0504773756210496,1.4325637179442137,0.2178562334260585,0,0,0,0,0,-0.8013762738735088,0,False,True
15.068273526459642,-1.137992709233866,0.0504773756210496,-0.5730254871776858,0.2178562334260585,1,0,1,0,0,-0.8013762738735088,0,True,False
15.068273526459642,-0.42521394166357995,0.0504773756210496,-0.5730254871776858,0.2178562334260585,1,0,0,0,0,-0.8013762738735088,0,True,False
15.068273526459642,1.1944852806791892,0.0504773756210496,-0.5730254871776858,-0.9333644510508586,0,0,0,0,0,-0.8013762738735088,0,False,True
15.068273526459642,-0.7819522185895111,0.0504773756210496,-0.5730254871776858,-0.9333644510508586,0,0,0,0,1,-0.8013762738735088,0,False,True
15.068273526459642,-0.6935193791349774,4.131573194582887,-0.5730254871776858,0.2178562334260585,1,0,0,0,0,0.3628873693012115,0,False,True
15.068273526459642,-0.6646956722192818,-1.3098878973662296,-0.5730254871776858,-0.9333644510508586,1,0,0,0,0,0.3628873693012115,0,True,False
15.068273526459642,0.5951372463177291,-1.3098878973662296,-0.5730254871776858,-0.9333644510508586,1,0,0,0,0,0.3628873693012115,0,False,False
15.068273526459642,-1.0668006393128597,0.0504773756210496,-0.5730254871776858,0.2178562334260585,1,0,0,0,0,0.3628873693012115,0,False,True
15.068273526459642,1.168353966826504,-1.3098878973662296,-0.5730254871776858,-0.9333644510508586,1,0,0,0,0,0.3628873693012115,0,True,False
15.068273526459642,-0.7580754483631564,-1.3098878973662296,-0.5730254871776858,-0.9333644510508586,1,0,0,0,0,0.3628873693012115,1,False,True
15.068273526459642,1.8376777148731647,0.0504773756210496,-0.5730254871776858,0.2178562334260585,1,0,0,0,0,2.6914146556506524,1,False,True
15.068273526459642,0.5862797881145199,-1.3098878973662296,-0.5730254871776858,-0.9333644510508586,1,0,0,0,0,-0.8013762738735088,0,False,True
15.066271523788968,0.11069055505218744,0.0504773756210496,-0.5730254871776858,0.2178562334260585,0,0,0,0,0,-0.8013762738735088,0,False,True
15.05822319060614,-1.117453083942623,0.0504773756210496,-0.5730254871776858,-0.9333644510508586,1,0,0,0,0,-0.8013762738735088,0,False,True
15.05822319060614,0.3252101914395994,-1.3098878973662296,-0.5730254871776858,-0.9333644510508586,1,0,0,0,0,0.3628873693012115,1,False,True
15.05822319060614,-2.0441955968093537,0.0504773756210496,-0.5730254871776858,1.3690769179029756,1,0,0,0,0,-0.8013762738735088,1,False,False
15.048070819142122,-0.4186844790941304,-1.3098878973662296,-0.5730254871776858,-0.9333644510508586,1,0,0,0,0,-0.8013762738735088,0,False,True
15.048070819142122,-1.0130148382288788,-1.3098878973662296,-0.5730254871776858,-0.9333644510508586,1,0,0,0,0,1.527151012475932,0,False,True
15.048070819142122,-0.518385236434705,0.0504773756210496,-0.5730254871776858,-0.9333644510508586,1,0,0,0,0,-0.8013762738735088,0,False,True
15.048070819142122,-2.0441955968093537,0.0504773756210496,-0.5730254871776858,1.3690769179029756,1,0,0,0,0,-0.8013762738735088,1,False,False
15.048070819142122,-1.5323763516926927,0.0504773756210496,-0.5730254871776858,0.2178562334260585,1,0,1,0,0,-0.8013762738735088,1,False,True
15.048070819142122,-2.2928140054783785,0.0504773756210496,1.4325637179442137,0.2178562334260585,1,0,1,0,0,-0.8013762738735088,1,False,True
15.046027917512323,-0.39272885265922086,-1.3098878973662296,-0.5730254871776858,-0.9333644510508586,1,0,0,0,0,-0.8013762738735088,0,False,True
15.037814318974933,0.048740368791495355,0.0504773756210496,-0.5730254871776858,0.2178562334260585,1,1,1,0,1,0.3628873693012115,0,False,False
15.037814318974933,-0.8045369391909087,0.0504773756210496,-0.5730254871776858,-0.9333644510508586,1,0,1,0,0,1.527151012475932,0,False,True
15.037814318974933,-0.6646956722192818,-1.3098878973662296,-0.5730254871776858,-0.9333644510508586,1,0,0,0,0,-0.8013762738735088,0,False,False
15.027451531939388,-0.767003645103732,1.4108426486083288,-0.5730254871776858,0.2178562334260585,1,0,0,0,1,1.527151012475932,0,False,True
15.027451531939388,0.14243762766048182,1.4108426486083288,-0.5730254871776858,1.3690769179029756,0,0,0,0,0,-0.8013762738735088,0,True,False
15.027451531939388,-0.34157978376628023,-1.3098878973662296,-0.5730254871776858,0.2178562334260585,1,0,0,0,0,-0.8013762738735088,0,False,True
15.027451531939388,0.029590169995664085,-1.3098878973662296,-0.5730254871776858,-0.9333644510508586,1,0,0,0,0,-0.8013762738735088,0,False,True
15.027451531939388,-0.6079865054427022,-1.3098878973662296,-0.5730254871776858,-0.9333644510508586,0,0,0,0,1,-0.8013762738735088,0,False,True
15.027451531939388,-0.5870344334853302,0.0504773756210496,-0.5730254871776858,-0.9333644510508586,1,0,0,0,0,-0.8013762738735088,0,False,True
15.027451531939388,-1.0835757385050393,0.0504773756210496,-0.5730254871776858,0.2178562334260585,0,0,1,0,0,-0.8013762738735088,0,True,False
15.027451531939388,-1.0130148382288788,-1.3098878973662296,-0.5730254871776858,-0.9333644510508586,1,0,1,0,0,1.527151012475932,0,False,False
15.025366025448365,-1.443943512238159,0.0504773756210496,-0.5730254871776858,-0.9333644510508586,0,0,0,0,0,-0.8013762738735088,0,False,False
15.01908328226887,-2.0441955968093537,0.0504773756210496,-0.5730254871776858,0.2178562334260585,1,0,1,0,0,-0.8013762738735088,1,False,False
15.016980232072092,-0.39272885265922086,-1.3098878973662296,-0.5730254871776858,-0.9333644510508586,1,0,0,0,0,0.3628873693012115,0,False,True
15.016980232072092,0.04328321421853766,1.4108426486083288,-0.5730254871776858,0.2178562334260585,1,0,0,0,0,-0.8013762738735088,0,False,True
15.006398122741555,-1.6446978452596492,-1.3098878973662296,-0.5730254871776858,-0.9333644510508586,0,0,0,0,1,-0.8013762738735088,0,False,True
15.006398122741555,-1.017113062063989,1.4108426486083288,-0.5730254871776858,0.2178562334260585,1,0,1,0,1,-0.8013762738735088,0,False,True
15.006398122741555,0.6649345591150957,0.0504773756210496,-0.5730254871776858,-0.9333644510508586,1,1,1,0,0,-0.8013762738735088,0,False,False
15.006398122741555,-0.7819522185895111,1.4108426486083288,-0.5730254871776858,0.2178562334260585,0,0,0,0,0,0.3628873693012115,0,True,False
15.006398122741555,-0.5579814163031679,1.4108426486083288,-0.5730254871776858,0.2178562334260585,1,0,0,0,0,-0.8013762738735088,0,True,False
15.006398122741555,-0.39272885265922086,-1.3098878973662296,-0.5730254871776858,-0.9333644510508586,1,0,0,0,0,-0.8013762738735088,0,False,True
15.006398122741555,-2.0441955968093537,0.0504773756210496,-0.5730254871776858,0.2178562334260585,1,0,1,0,0,-0.8013762738735088,1,False,False
15.006398122741555,0.5862797881145199,0.0504773756210496,-0.5730254871776858,-0.9333644510508586,1,0,0,0,0,0.3628873693012115,0,False,True
14.995702833624806,-0.11144520042299323,-1.3098878973662296,-0.5730254871776858,-0.9333644510508586,0,0,0,0,0,-0.8013762738735088,0,True,False
14.995702833624806,-0.46473771195149005,-1.3098878973662296,-0.5730254871776858,-0.9333644510508586,0,0,0,0,0,-0.8013762738735088,0,False,True
14.989230319119189,-0.6646956722192818,1.4108426486083288,-0.5730254871776858,0.2178562334260585,1,0,1,0,0,-0.8013762738735088,0,False,True
14.98489191752059,-0.18791233570991442,0.0504773756210496,-0.5730254871776858,0.2178562334260585,1,0,0,0,0,-0.8013762738735088,0,False,True
14.98489191752059,-1.4594473851266683,-1.3098878973662296,-0.5730254871776858,-0.9333644510508586,1,0,0,0,1,0.3628873693012115,0,False,True
14.98489191752059,-0.21793014607264033,0.0504773756210496,-0.5730254871776858,-0.9333644510508586,0,0,0,0,0,0.3628873693012115,0,False,True
14.98489191752059,-1.0668006393128597,0.0504773756210496,-0.5730254871776858,0.2178562334260585,0,0,0,0,0,-0.8013762738735088,0,False,False
14.962913010801817,-0.8045369391909087,-2.670253170353509,-0.5730254871776858,-0.9333644510508586,1,0,0,0,0,-0.8013762738735088,0,False,False
14.962913010801817,-0.4278303099215294,-1.3098878973662296,1.4325637179442137,-0.9333644510508586,0,1,1,0,0,0.3628873693012115,0,False,True
14.962913010801817,-0.767003645103732,-1.3098878973662296,-0.5730254871776858,-0.9333644510508586,0,0,1,0,0,-0.8013762738735088,0,True,False
14.962913010801817,-0.3574563935481447,-1.3098878973662296,-0.5730254871776858,-0.9333644510508586,1,0,0,0,0,1.527151012475932,0,True,False
14.962913010801817,-2.728577748405788,0.0504773756210496,-0.5730254871776858,0.2178562334260585,0,0,1,0,0,-0.8013762738735088,0,False,True
14.962913010801817,-0.8045369391909087,0.0504773756210496,-0.5730254871776858,0.2178562334260585,1,0,1,0,0,-0.8013762738735088,0,True,False
14.962913010801817,0.9462182113513233,-1.3098878973662296,-0.5730254871776858,-0.9333644510508586,1,0,0,0,0,-0.8013762738735088,0,True,False
14.962913010801817,1.6966423444545073,0.0504773756210496,-0.5730254871776858,0.2178562334260585,1,0,0,0,0,1.527151012475932,0,True,False
14.962913010801817,-1.1097922298768592,-1.3098878973662296,-0.5730254871776858,-0.9333644510508586,1,0,0,0,0,0.3628873693012115,0,False,True
14.960688315779704,-0.11144520042299323,0.0504773756210496,-0.5730254871776858,0.2178562334260585,1,0,0,0,1,-0.8013762738735088,0,False,True
14.95622402265102,0.4096356488832394,0.0504773756210496,-0.5730254871776858,-0.9333644510508586,1,0,1,0,0,-0.8013762738735088,0,False,True
14.952974902096178,-1.7533574629272766,0.0504773756210496,-0.5730254871776858,-0.9333644510508586,1,0,0,0,0,-0.8013762738735088,1,True,False
14.951739710203691,-1.1691086121973144,0.0504773756210496,-0.5730254871776858,-0.9333644510508586,0,0,0,0,1,-0.8013762738735088,0,False,True
14.951739710203691,-0.518385236434705,0.0504773756210496,-0.5730254871776858,0.2178562334260585,1,0,0,0,0,-0.8013762738735088,0,False,True
14.951739710203691,-0.767003645103732,-1.3098878973662296,-0.5730254871776858,-0.9333644510508586,1,0,0,0,0,-0.8013762738735088,0,False,True
14.942710303484297,1.4218074444136604,-1.3098878973662296,-0.5730254871776858,-0.9333644510508586,1,0,0,0,0,0.3628873693012115,0,False,True
14.940440154949757,0.14243762766048182,-1.3098878973662296,-0.5730254871776858,-0.9333644510508586,1,0,1,0,1,-0.8013762738735088,0,False,True
14.940440154949757,-2.026017690950141,0.0504773756210496,-0.5730254871776858,0.2178562334260585,0,0,1,0,0,-0.8013762738735088,0,True,False
14.940440154949757,-1.0920039168694595,-1.3098878973662296,-0.5730254871776858,-0.9333644510508586,1,1,1,0,0,-0.8013762738735088,0,False,True
14.940440154949757,-0.11144520042299323,-1.3098878973662296,-0.5730254871776858,0.2178562334260585,1,0,0,1,0,0.3628873693012115,0,True,False
14.929011459126134,-0.5524840087163154,-1.3098878973662296,-0.5730254871776858,-0.9333644510508586,1,0,0,0,0,-0.8013762738735088,0,False,True
14.917450636725059,-1.0920039168694595,0.0504773756210496,-0.5730254871776858,0.2178562334260585,0,0,0,0,0,-0.8013762738735088,0,True,False
14.917450636725059,-0.9683542791758197,0.0504773756210496,-0.5730254871776858,0.2178562334260585,1,0,0,0,0,1.527151012475932,0,True,False
14.917450636725059,-1.3166734451854236,-1.3098878973662296,-0.5730254871776858,-0.9333644510508586,1,0,0,0,0,-0.8013762738735088,0,True,False
14.917450636725059,-0.05411280608772479,-1.3098878973662296,-0.5730254871776858,-0.9333644510508586,1,0,0,0,0,-0.8013762738735088,0,False,False
14.917450636725059,0.20274087046162784,0.0504773756210496,-0.5730254871776858,-0.9333644510508586,0,0,0,0,0,-0.8013762738735088,0,False,True
14.917450636725059,-0.5870344334853302,0.0504773756210496,-0.5730254871776858,0.2178562334260585,1,0,0,0,0,-0.8013762738735088,0,False,True
14.917450636725059,-0.6718717948592605,1.4108426486083288,-0.5730254871776858,0.2178562334260585,1,0,0,0,0,2.6914146556506524,0,True,False
14.915122346965468,1.4056555727801743,-1.3098878973662296,-0.5730254871776858,-0.9333644510508586,1,0,0,0,0,-0.8013762738735088,0,False,True
14.905754596961867,-0.19867899644823933,1.4108426486083288,-0.5730254871776858,0.2178562334260585,0,0,0,0,0,0.3628873693012115,0,False,True
14.901037607083728,-1.1691086121973144,-1.3098878973662296,-0.5730254871776858,0.2178562334260585,1,0,0,0,0,-0.8013762738735088,0,True,False
14.893920139314865,0.572936951173441,0.0504773756210496,-0.5730254871776858,0.2178562334260585,1,0,1,0,0,0.3628873693012115,0,False,True
14.893920139314865,0.14243762766048182,-1.3098878973662296,-0.5730254871776858,-0.9333644510508586,1,0,0,0,0,-0.8013762738735088,0,False,True
14.893920139314865,-0.6935193791349774,0.0504773756210496,-0.5730254871776858,0.2178562334260585,0,0,0,0,0,0.3628873693012115,0,False,True
14.893920139314865,-0.6504023820213763,1.4108426486083288,-0.5730254871776858,0.2178562334260585,0,0,0,0,0,-0.8013762738735088,0,False,True
14.893920139314865,-0.7819522185895111,0.0504773756210496,-0.5730254871776858,0.2178562334260585,0,0,0,0,0,0.3628873693012115,0,True,False
14.893920139314865,-1.443943512238159,-1.3098878973662296,-0.5730254871776858,-0.9333644510508586,0,0,0,0,0,-0.8013762738735088,0,False,False
14.893920139314865,-1.0418385451445789,0.0504773756210496,-0.5730254871776858,0.2178562334260585,0,0,0,0,0,-0.8013762738735088,0,False,True
14.893920139314865,0.8935190667856571,0.0504773756210496,-0.5730254871776858,0.2178562334260585,1,0,0,0,0,-0.8013762738735088,0,True,False
14.869822587735804,-1.1345581874282995,-1.3098878973662296,-0.5730254871776858,-0.9333644510508586,0,0,0,0,0,-0.8013762738735088,0,False,True
14.869822587735804,-0.6718717948592605,-1.3098878973662296,-0.5730254871776858,-0.9333644510508586,1,0,0,0,0,-0.8013762738735088,0,False,True
14.869822587735804,0.6389789326801861,-1.3098878973662296,-0.5730254871776858,-0.9333644510508586,1,0,0,0,0,-0.8013762738735088,0,True,False
14.869822587735804,0.3641440326393438,1.4108426486083288,-0.5730254871776858,0.2178562334260585,1,0,0,0,0,-0.8013762738735088,0,False,True
14.863706360718368,0.26569767250230386,1.4108426486083288,-0.5730254871776858,1.3690769179029756,1,0,0,0,0,-0.8013762738735088,0,False,True
14.85755249514399,-0.9204902035282875,0.0504773756210496,-0.5730254871776858,0.2178562334260585,0,0,0,0,0,0.3628873693012115,0,True,False
14.85755249514399,-0.19987803987752695,0.0504773756210496,-0.5730254871776858,0.2178562334260585,0,0,0,1,0,0.3628873693012115,0,False,True
14.85755249514399,-1.5025643822402692,-1.3098878973662296,-0.5730254871776858,-0.9333644510508586,0,0,0,0,0,0.3628873693012115,0,False,False
14.845129975145433,-1.4927022951263236,0.0504773756210496,-0.5730254871776858,0.2178562334260585,1,0,1,0,0,0.3628873693012115,0,False,True
14.845129975145433,-0.44490097046595045,0.0504773756210496,-0.5730254871776858,-0.9333644510508586,1,0,0,0,0,-0.8013762738735088,0,False,False
14.819812167161142,0.9654693609757243,-1.3098878973662296,-0.5730254871776858,-0.9333644510508586,1,0,0,0,0,-0.8013762738735088,0,False,True
14.819812167161142,-0.4186844790941304,0.0504773756210496,-0.5730254871776858,0.2178562334260585,1,0,0,0,0,0.3628873693012115,0,False,True
14.806908762325234,-0.4186844790941304,-1.3098878973662296,-0.5730254871776858,-0.9333644510508586,1,0,0,0,0,-0.8013762738735088,0,False,True
14.793836680757881,-0.46208408106700644,-1.3098878973662296,-0.5730254871776858,-0.9333644510508586,1,0,0,0,0,-0.8013762738735088,0,False,True
14.793836680757881,-2.226772023971631,-1.3098878973662296,-0.5730254871776858,0.2178562334260585,1,0,0,0,0,-0.8013762738735088,0,True,False
14.793836680757881,-0.6718717948592605,0.0504773756210496,3.4381529230661134,0.2178562334260585,0,1,0,0,0,-0.8013762738735088,0,False,True
14.793836680757881,-1.3490778238157137,0.0504773756210496,-0.5730254871776858,-0.9333644510508586,1,0,0,0,0,-0.8013762738735088,0,False,True
14.793836680757881,-1.7187784122790037,0.0504773756210496,-0.5730254871776858,-0.9333644510508586,0,0,0,0,0,-0.8013762738735088,0,False,True
14.793836680757881,-0.7819522185895111,-1.3098878973662296,-0.5730254871776858,-0.9333644510508586,1,0,0,0,0,0.3628873693012115,0,True,False
14.793836680757881,-0.4186844790941304,0.0504773756210496,-0.5730254871776858,-0.9333644510508586,1,0,0,0,0,-0.8013762738735088,0,True,False
14.791201633119877,-1.0130148382288788,-1.3098878973662296,-0.5730254871776858,-0.9333644510508586,1,0,0,0,1,-0.8013762738735088,0,False,True
14.791201633119877,-0.4186844790941304,0.0504773756210496,-0.5730254871776858,0.2178562334260585,1,0,0,0,1,-0.8013762738735088,0,False,True
14.772559282310597,-1.2485620316506703,-1.3098878973662296,-0.5730254871776858,-0.9333644510508586,0,0,0,0,0,-0.8013762738735088,0,False,True
14.767168433675721,-0.6935193791349774,-1.3098878973662296,-0.5730254871776858,-0.9333644510508586,1,0,0,0,0,-0.8013762738735088,0,False,True
14.767168433675721,-0.1700660704251035,-1.3098878973662296,-0.5730254871776858,-0.9333644510508586,1,0,0,0,0,-0.8013762738735088,0,False,True
14.767168433675721,-0.6935193791349774,-1.3098878973662296,1.4325637179442137,0.2178562334260585,1,0,1,0,0,0.3628873693012115,0,False,False
14.739769459487606,-1.2755935578469568,0.0504773756210496,-0.5730254871776858,-0.9333644510508586,0,0,0,0,0,-0.8013762738735088,0,False,True
14.739769459487606,-1.017113062063989,0.0504773756210496,-0.5730254871776858,-0.9333644510508586,0,0,0,0,0,-0.8013762738735088,0,False,True
14.739769459487606,-1.1691086121973144,-1.3098878973662296,-0.5730254871776858,0.2178562334260585,1,0,0,0,0,-0.8013762738735088,0,False,False
14.725783217512866,-0.1700660704251035,0.0504773756210496,-0.5730254871776858,0.2178562334260585,1,0,0,0,0,-0.8013762738735088,0,False,True
14.725783217512866,-1.1691086121973144,0.0504773756210496,-0.5730254871776858,0.2178562334260585,0,0,0,0,0,-0.8013762738735088,0,True,False
14.71159858252091,-0.9926197465715094,0.0504773756210496,-0.5730254871776858,0.2178562334260585,1,0,1,0,0,-0.8013762738735088,0,False,True
14.71159858252091,-0.9683542791758197,-1.3098878973662296,-0.5730254871776858,-0.9333644510508586,0,1,0,0,0,0.3628873693012115,0,False,True
14.71159858252091,-1.1691086121973144,-1.3098878973662296,-0.5730254871776858,-0.9333644510508586,1,0,0,0,0,0.3628873693012115,0,False,True
14.71159858252091,-0.767003645103732,-1.3098878973662296,-0.5730254871776858,-0.9333644510508586,1,1,0,0,0,-0.8013762738735088,0,False,True
14.71159858252091,0.07855233824391882,-1.3098878973662296,-0.5730254871776858,0.2178562334260585,1,0,0,0,0,-0.8013762738735088,0,False,True
14.71159858252091,1.2897023084427954,-1.3098878973662296,-0.5730254871776858,-0.9333644510508586,1,0,0,0,0,-0.8013762738735088,0,False,True
14.694307085410848,-0.6682812658209392,-1.3098878973662296,-0.5730254871776858,-0.9333644510508586,0,0,0,0,0,-0.8013762738735088,0,False,True
14.682611045647658,-1.6709143366314692,0.0504773756210496,-0.5730254871776858,0.2178562334260585,1,0,0,0,0,-0.8013762738735088,0,False,False
14.682611045647658,-1.3612170066858407,1.4108426486083288,1.4325637179442137,0.2178562334260585,1,0,0,0,0,-0.8013762738735088,0,False,False
14.682611045647658,-0.9491031295514233,-1.3098878973662296,-0.5730254871776858,-0.9333644510508586,1,0,0,0,0,-0.8013762738735088,0,False,True
14.667795959862516,-0.6646956722192818,-1.3098878973662296,-0.5730254871776858,-0.9333644510508586,1,0,0,0,0,-0.8013762738735088,0,False,True
14.652758082497977,-1.017113062063989,-1.3098878973662296,-0.5730254871776858,-0.9333644510508586,1,0,0,0,0,-0.8013762738735088,0,False,True
14.637490610367188,-2.4499513957577843,-1.3098878973662296,-0.5730254871776858,-0.9333644510508586,0,0,1,0,0,-0.8013762738735088,0,True,False
14.637490610367188,-0.43832210459663523,-2.670253170353509,-0.5730254871776858,-0.9333644510508586,0,0,0,0,0,-0.8013762738735088,0,False,True
14.637490610367188,-0.43832210459663523,0.0504773756210496,-0.5730254871776858,0.2178562334260585,1,0,1,0,0,-0.8013762738735088,0,False,True
14.621986423831222,-2.2928140054783785,0.0504773756210496,-0.5730254871776858,-0.9333644510508586,0,0,0,1,0,-0.8013762738735088,0,False,True
14.618856530822296,0.3153852497511746,0.0504773756210496,-0.5730254871776858,-0.9333644510508586,0,0,0,0,1,-0.8013762738735088,1,False,True
14.573977204644862,-1.1691086121973144,-1.3098878973662296,-0.5730254871776858,-0.9333644510508586,0,0,0,0,0,-0.8013762738735088,0,False,True
14.557447902693651,-1.7511827909092939,0.0504773756210496,-0.5730254871776858,0.2178562334260585,1,0,0,0,0,-0.8013762738735088,0,False,True
14.557447902693651,-1.1691086121973144,1.4108426486083288,-0.5730254871776858,0.2178562334260585,1,0,0,0,0,-0.8013762738735088,0,False,True
14.557447902693651,-0.8734885907533791,-1.3098878973662296,-0.5730254871776858,-0.9333644510508586,1,0,0,0,0,0.3628873693012115,0,False,True
14.4884550312067,-0.8273189087571624,2.7712079215956082,-0.5730254871776858,0.2178562334260585,0,0,0,0,0,-0.8013762738735088,0,False,True
14.452087387035824,-2.650705728779277,0.0504773756210496,-0.5730254871776858,0.2178562334260585,1,0,0,0,0,-0.8013762738735088,0,False,True
14.452087387035824,-0.6582539978219505,-1.3098878973662296,-0.5730254871776858,-0.9333644510508586,1,0,0,0,0,-0.8013762738735088,0,False,True
14.433395254023672,-1.177818199368791,-1.3098878973662296,-0.5730254871776858,-0.9333644510508586,0,0,0,0,0,0.3628873693012115,0,False,True
14.414347059052979,-1.1691086121973144,-1.3098878973662296,-0.5730254871776858,-0.9333644510508586,1,0,1,0,0,1.527151012475932,0,False,True
14.384878637342375,-1.7511827909092939,0.0504773756210496,-0.5730254871776858,-0.9333644510508586,0,0,0,0,0,-0.8013762738735088,0,True,False
14.375126345899696,-0.6790677137247035,-1.3098878973662296,-0.5730254871776858,-0.9333644510508586,1,0,0,0,0,-0.8013762738735088,0,False,True
14.375126345899696,-1.2485620316506703,0.0504773756210496,-0.5730254871776858,-0.9333644510508586,0,0,0,0,0,-0.8013762738735088,0,False,False
14.375126345899696,-0.518385236434705,0.0504773756210496,-0.5730254871776858,0.2178562334260585,1,0,0,0,0,-0.8013762738735088,0,False,True
